player_id,player,team,position,nineties,completed_passes,attempted_passes,completion_pct
5bc43860,Brenden Aaronson,USA,MF,0.8,,,
c88a28b9,Thelo Aasgaard,Norway,MF,1.0,,,
057d8f12,Hamza Abdelkarim,Egypt,FW,0.7,,,
accbfc94,Hossam Abdelmaguid,Egypt,DF,0.7,,,
bff15d74,Mohamed Abdelmonem,Egypt,DF,0.2,,,
ad7cdb35,Ali Abdi,Tunisia,DF,3.0,,,
caa254e4,Saud Abdulhamid,Saudi Arabia,DF,3.0,,,
03053fbf,Abdulla Abdullaev,Uzbekistan,DF,2.0,,,
13c8f40b,Yusuf Abdurisag,Qatar,FW,1.1,,,
300aaeb6,Husam Abu Dahab,Jordan,DF,2.0,,,
72c2fa7a,Mohammad Abu Hasheesh,Jordan,DF,0.1,,,
5c4bac6c,Mohannad Abu Taha,Jordan,DF,2.9,,,
4bff62e4,Mo Abualnadi,Jordan,DF,0.8,,,
5d11fc17,Yazeed Abulaila,Jordan,GK,3.0,,,
27e7e545,Mahmoud Abunada,Qatar,GK,3.0,,,
4dd2a0be,Elias Achouri,Tunisia,"FW,MF",0.5,,,
f2bf1b0f,Ché Adams,Scotland,FW,1.6,,,
259affab,Jayden Adams,South Africa,MF,1.3,,,
2b09d998,Tyler Adams,USA,MF,3.8,,,
a9ee5e81,Ricardo Adé,Haiti,DF,3.0,,,
4869216e,Ibrahim Adel,Egypt,MF,0.0,,,
4dcec659,Simon Adingra,Côte d'Ivoire,"FW,MF",0.2,,,
bdbf78cd,Jonas Adjetey,Ghana,DF,2.5,,,
f9c927de,Michel Aebischer,Switzerland,"MF,FW",1.7,,,
fd53d9e7,Akram Afif,Qatar,"FW,MF",2.6,,,
75f1ed80,Emmanuel Agbadou,Côte d'Ivoire,DF,3.0,,,
b5691f5d,Rodrigo Aguirre,Uruguay,FW,0.0,,,
540a5be1,Ali Ahmed,Canada,MF,2.6,,,
a62fa158,Homam Ahmed,Qatar,DF,1.4,,,
9b398aea,Rayan Aït-Nouri,Algeria,DF,3.2,,,
a8c0acb7,Kristoffer Ajer,Norway,DF,5.3,,,
89ac64a6,Manuel Akanji,Switzerland,DF,6.7,,,
eaeca114,Nathan Aké,Netherlands,DF,1.9,,,
1453e3cf,Yunus Akgün,Türkiye,MF,1.0,,,
b625b241,Maghnes Akliouche,France,MF,0.1,,,
f28659fb,Kerem Aktürkoğlu,Türkiye,FW,1.4,,,
74fbbb3c,Ahmed Alaaeldin,Qatar,FW,0.5,,,
05439de2,David Alaba,Austria,DF,3.1,,,
f3d9291e,Kerim Alajbegović,Bosnia–Herz,MF,3.1,,,
6e98c19f,Jordy Alcivar,Ecuador,MF,0.5,,,
bb08bce9,Omar Alderete,Paraguay,DF,3.6,,,
bae045a9,Almoez Ali,Qatar,FW,0.2,,,
b8a919ad,Hussein Ali,Iraq,DF,1.8,,,
f929049b,Mohanad Ali,Iraq,FW,0.1,,,
da4b8a4e,Taha Ali,Sweden,"FW,MF",0.4,,,
e53cbd7a,Khojiakbar Alijonov,Uzbekistan,MF,1.5,,,
488ee64c,Ali Alipour,IR Iran,FW,0.4,,,
7a2e46a8,Alisson,Brazil,GK,5.0,,,
27f33438,Thiago Almada,Argentina,MF,2.7,,,
862a1c15,Miguel Almirón,Paraguay,"MF,FW",3.1,,,
b18a3023,Júnior Alonso,Paraguay,DF,4.3,,,
414b2ce4,Barış Alper Yılmaz,Türkiye,"MF,FW",2.0,,,
ff871e14,Roberto Alvarado,Mexico,"FW,MF",4.8,,,
8b3ab7ad,Edson Álvarez,Mexico,"MF,DF",2.7,,,
15ab5a2b,Julián Álvarez,Argentina,FW,6.7,,,
c5a07a5e,Ayoube Amaimouni,Morocco,MF,0.2,,,
2ee5b0c9,Zeki Amdouni,Switzerland,"FW,MF",0.8,,,
349cae8f,Michael Amir Murillo,Panama,"DF,MF",3.0,,,
555d5edd,Nadiem Amiri,Germany,MF,0.5,,,
9f65be73,Amir Al Ammari,Iraq,MF,2.7,,,
f487314f,Azizbek Amonov,Uzbekistan,FW,0.2,,,
6597f8b6,Mohamed Amoura,Algeria,"FW,MF",0.3,,,
5a2cb25d,Sofyan Amrabat,Morocco,MF,1.6,,,
fd0affe3,Abdulelah Al-Amri,Saudi Arabia,DF,2.7,,,
10c12f22,Youssef Amyn,Iraq,MF,0.3,,,
de31038e,Elliot Anderson,England,MF,7.0,,,
6ea23758,Andrés Andrade Cedeño,Panama,DF,3.0,,,
3724baa1,Fredrik André Bjørkan,Norway,DF,0.5,,,
a9b9d89c,Nilson Angulo,Ecuador,MF,2.4,,,
5e66fa06,Waldemar Anton,Germany,"DF,MF",0.6,,,
6011e63a,Jeremy Antonisse,Curaçao,"FW,MF",0.8,,,
a5db0bec,Houssem Aouar,Algeria,MF,1.9,,,
e8933eb0,Oswin Appollis,South Africa,"MF,FW",2.8,,,
32878a09,Yazan Al-Arab,Jordan,DF,3.0,,,
f9ab3f4a,Maxi Araújo,Uruguay,"FW,MF",2.8,,,
0fa11d7d,Tomás Araújo,Portugal,DF,1.0,,,
c692cef2,Telmo Arcanjo,Cabo Verde,MF,0.6,,,
10411db2,Álex Arce,Paraguay,FW,0.6,,,
5e837126,Carlens Arcus,Haiti,"MF,DF",1.6,,,
668f881e,Max Arfsten,USA,MF,0.0,,,
86d96066,Jhon Arias,Colombia,MF,4.2,,,
fdd60087,Santiago Arias,Colombia,DF,1.0,,,
00459419,Marko Arnautović,Austria,FW,1.6,,,
4bb65492,Benjamin Asare,Ghana,GK,2.5,,,
31b7d437,Emam Ashour,Egypt,MF,4.0,,,
a0ecd397,Rustam Ashurmatov,Uzbekistan,DF,2.8,,,
a12402c3,Lawrence Ati-Zigi,Ghana,GK,1.5,,,
1ea3d7ec,Marwan Attia,Egypt,MF,4.8,,,
f0677ed7,Fredrik Aursnes,Norway,"MF,DF",3.4,,,
b6781b67,Gabriel Ávalos,Paraguay,FW,1.6,,,
f173303a,Yasin Ayari,Sweden,MF,3.8,,,
a7b98226,Oğuz Aydın,Türkiye,DF,1.0,,,
da052c14,Jordan Ayew,Ghana,FW,3.3,,,
2200181e,Kaan Ayhan,Türkiye,"DF,MF",0.0,,,
17e1261b,Neil El Aynaoui,Morocco,MF,6.2,,,
3a46ac67,Ali Azaizeh,Jordan,MF,0.6,,,
aaf1bf05,Juninho Bacuna,Curaçao,MF,2.8,,,
9dc69d38,Leandro Bacuna,Curaçao,MF,3.0,,,
518f2234,Álex Baena,Spain,"MF,FW",5.3,,,
dff24174,Esmir Bajraktarevic,Bosnia–Herz,MF,2.6,,,
0af4dcf0,Cédric Bakambu,Congo DR,FW,2.1,,,
3626f7d9,Fabián Balbuena,Paraguay,DF,0.0,,,
31822f8c,Folarin Balogun,USA,FW,3.5,,,
be47b750,Simon Banza,Congo DR,"FW,MF",0.4,,,
b39849eb,Yoel Bárcenas,Panama,MF,2.8,,,
b9f282ec,Valentín Barco,Argentina,"DF,MF",0.2,,,
a0d55a09,Bradley Barcola,France,MF,4.3,,,
5d9cff53,Abdülkerim Bardakcı,Türkiye,DF,2.9,,,
9b0a0d51,Ivan Bašić,Bosnia–Herz,MF,2.0,,,
3bf9e631,Ahmed Basil,Iraq,GK,1.5,,,
d1eda5f0,Martin Baturina,Croatia,"MF,FW",3.6,,,
2f2003ba,Ibrahim Bayesh,Iraq,"MF,FW",2.6,,,
e59c9d0d,Samed Baždar,Bosnia–Herz,FW,0.3,,,
da59a197,Riechedly Bazoer,Curaçao,DF,1.0,,,
3cc64624,Patrick Beach,Australia,GK,4.3,,,
b6867b96,Aziz Behich,Australia,MF,2.4,,,
5db45ee5,Maximilian Beier,Germany,"FW,MF",0.3,,,
6ca0b04a,Alireza Beiranvand,IR Iran,GK,3.0,,,
b2562589,Zineddine Belaïd,Algeria,DF,0.3,,,
0abcb968,Rafik Belghali,Algeria,DF,3.7,,,
7825847e,Joe Bell,New Zealand,MF,2.7,,,
10f0fdd3,Jean-Ricner Bellegarde,Haiti,MF,2.9,,,
57d88cf9,Jude Bellingham,England,MF,6.8,,,
1798891a,Mortadha Ben Ouanes,Tunisia,"DF,MF",0.3,,,
9ade9ce1,Anis Ben Slimane,Tunisia,"MF,FW",2.7,,,
dcae580c,Oussama Benbot,Algeria,GK,1.0,,,
cd25f2b3,Nadhir Benbouali,Algeria,FW,0.5,,,
eae26fce,Gilson Benchimol,Cabo Verde,FW,0.9,,,
378825c7,Ramy Bensebaini,Algeria,DF,4.0,,,
3189f61a,Nabil Bentaleb,Algeria,MF,3.2,,,
3b8674e6,Rodrigo Bentancur,Uruguay,MF,3.0,,,
e4114f5d,Patrick Berg,Norway,MF,4.9,,,
d0b6129f,Sander Berge,Norway,MF,5.3,,,
a109e5c8,Lucas Bergvall,Sweden,MF,2.0,,,
f33ee427,Sebastian Berhalter,USA,MF,2.1,,,
dea1d183,Alexander Bernhardsson,Sweden,MF,2.4,,,
3575e5eb,Tyler Bindon,New Zealand,DF,1.1,,,
c2b11050,César Blackman,Panama,"MF,DF",2.0,,,
ad7d6437,Damián Bobadilla,Paraguay,MF,2.1,,,
eed2427e,Oscar Bobb,Norway,FW,2.5,,,
c2f23fc8,Moïse Bombito,Canada,DF,2.1,,,
0da6a13e,Theo Bongonda,Congo DR,"FW,MF",0.4,,,
64629ba4,Ange-Yoan Bonny,Côte d'Ivoire,FW,2.6,,,
8070a9fd,Jordy Bos,Australia,"MF,DF",3.4,,,
8006228f,Ayyoub Bouaddi,Morocco,MF,4.2,,,
f9d5908e,Hicham Boudaoui,Algeria,MF,1.4,,,
a38f33fd,Karim Boudiaf,Qatar,MF,1.1,,,
12f7f264,Adil Boulbina,Algeria,FW,0.2,,,
f6798fc3,Yassine Bounou,Morocco,GK,6.3,,,
7dc1c2c6,Nawaf Boushal,Saudi Arabia,DF,1.0,,,
6bfa0d3a,Michael Boxall,New Zealand,DF,2.3,,,
fcaa2400,Sultan Al-Brake,Qatar,DF,1.6,,,
2b5527c4,Joshua Brenet,Curaçao,DF,2.0,,,
4c184730,Brian Brobbey,Netherlands,FW,2.5,,,
edd81e2a,Dylan Bronn,Tunisia,DF,0.5,,,
abc79c47,Nathaniel Brown,Germany,DF,3.1,,,
3aca6420,Tajon Buchanan,Canada,MF,4.2,,,
8f3565b3,Ante Budimir,Croatia,FW,1.7,,,
ac717a23,Firas Al-Buraikan,Saudi Arabia,FW,2.6,,,
da61ca98,Cameron Burgess,Australia,DF,1.5,,,
b2d31e83,Dan Burn,England,DF,0.4,,,
0dabaf14,Dženis Burnić,Bosnia–Herz,MF,0.2,,,
90a38ca7,Gustavo Caballero,Paraguay,"FW,MF",1.1,,,
e34e086c,Jovane Cabral,Cabo Verde,FW,1.5,,,
dd86e8e4,Liberato Cacace,New Zealand,DF,2.4,,,
db887bdf,Juan Cáceres,Paraguay,DF,4.8,,,
7091c68e,Sebastián Cáceres,Uruguay,DF,3.0,,,
7fcb27d8,Jordy Caicedo,Ecuador,FW,0.2,,,
16264a81,Moisés Caicedo,Ecuador,MF,4.0,,,
f63a8347,Uğurcan Çakır,Türkiye,GK,3.0,,,
cd0fa27b,Hakan Çalhanoğlu,Türkiye,MF,2.0,,,
19c2ffa4,Lamine Camara,Senegal,MF,2.8,,,
8d5ceef2,Jaminton Campaz,Colombia,"FW,MF",0.8,,,
d2800f47,İrfan Can Kahveci,Türkiye,MF,0.0,,,
97d24b73,José Canale,Paraguay,DF,1.8,,,
bd6351cd,João Cancelo,Portugal,DF,3.5,,,
4f5a2f38,Agustín Canobbio,Uruguay,FW,2.5,,,
4d224fe8,Casemiro,Brazil,MF,4.2,,,
481f76cf,Josué Casimir,Haiti,MF,2.0,,,
197640fd,Timothy Castagne,Belgium,DF,5.3,,,
c393c3d9,Kevin Castaño,Colombia,MF,0.2,,,
03fee7de,Jens Castrop,Korea Republic,MF,0.5,,,
31a62dc7,Zeki Çelik,Türkiye,DF,1.8,,,
bb4a41bc,Lukáš Červ,Czechia,MF,1.8,,,
357103bd,Fares Chaïbi,Algeria,MF,4.0,,,
5515376c,Trevoh Chalobah,England,"DF,MF",0.0,,,
ded82b9a,Štěpán Chaloupek,Czechia,DF,1.0,,,
9627f87b,Mouhib Chamakh,Tunisia,GK,1.0,,,
7fa8ef98,Firas Chaouat,Tunisia,FW,0.5,,,
e50949ea,Luis Chávez,Mexico,MF,0.3,,,
f82246a1,Mateo Chávez,Mexico,DF,0.9,,,
4b6ab1da,Samir Chergui,Algeria,DF,0.2,,,
b34c63a5,Rayan Cherki,France,MF,1.4,,,
017459bb,Mathieu Choinière,Canada,MF,0.6,,,
2696b6a9,Tahith Chong,Curaçao,MF,2.7,,,
163bbd4a,Tomáš Chorý,Czechia,FW,0.3,,,
26ce2263,Ryan Christie,Scotland,MF,1.1,,,
b2f9c73e,Carney Chukwuemeka,Austria,MF,0.9,,,
01a08323,Mojmír Chytil,Czechia,FW,0.1,,,
e4787d6f,Brian Cipenga,Congo DR,"MF,FW",1.6,,,
1223765c,Alessandro Circati,Australia,DF,4.3,,,
9a0408b6,Pathé Ciss,Senegal,DF,2.0,,,
c9d96dc1,Livano Comenencia,Curaçao,MF,2.6,,,
15937e17,Eray Cömert,Switzerland,DF,0.3,,,
5ef3d210,Francisco Conceição,Portugal,MF,1.4,,,
9f381d8b,Jhon Córdoba,Colombia,FW,1.1,,,
bec98750,José Córdoba,Panama,DF,3.0,,,
577744b8,Derek Cornelius,Canada,DF,3.5,,,
93fffbcf,Diogo Costa,Portugal,GK,5.0,,,
909222de,Nuno da Costa,Cabo Verde,FW,1.8,,,
76c2a023,Samu Costa,Portugal,MF,0.2,,,
fdf3cb77,Vladimír Coufal,Czechia,"MF,DF",3.0,,,
1840e36d,Thibaut Courtois,Belgium,GK,6.1,,,
ea42e480,Maxime Crépeau,Canada,GK,5.0,,,
fdf47077,Max Crocombe,New Zealand,GK,3.0,,,
cc7888f3,Pau Cubarsí,Spain,DF,8.3,,,
9b40a6ea,Andrés Cubas,Paraguay,MF,5.3,,,
71b47ab9,Cucho,Colombia,"FW,MF",0.6,,,
1daec722,Marc Cucurella,Spain,DF,8.3,,,
dc62b55d,Matheus Cunha,Brazil,FW,3.2,,,
e2a68b89,Findlay Curtis,Scotland,MF,0.1,,,
8bf49030,Aymen Dahmen,Tunisia,GK,2.0,,,
d9565625,Diogo Dalot,Portugal,"DF,MF",0.7,,,
94b2001f,Danilo,Brazil,DF,4.5,,,
6e33125f,Kevin Danso,Austria,DF,2.7,,,
3eb0f2df,Vladimír Darida,Czechia,MF,0.6,,,
ce50fd99,Jonathan David,Canada,FW,4.7,,,
dbe19468,Promise David,Canada,FW,0.9,,,
d781d855,Alphonso Davies,Canada,"DF,FW",0.2,,,
2ffb0739,Erick Davis,Panama,DF,0.0,,,
7709e4a6,Nasser Al-Dawsari,Saudi Arabia,MF,2.3,,,
60ee859c,Salem Al-Dawsari,Saudi Arabia,MF,2.7,,,
e645c3fc,Mohammad Al-Dawud,Jordan,"FW,MF",0.0,,,
e46012d4,Kevin De Bruyne,Belgium,MF,4.2,,,
d494882e,Maxim De Cuyper,Belgium,DF,4.9,,,
45c427ff,Luc De Fougerolles,Canada,DF,4.1,,,
2ef7c612,Charles De Ketelaere,Belgium,"FW,MF",3.9,,,
8fda5c72,Nicolás De La Cruz,Uruguay,MF,1.0,,,
162efffd,Rodrigo De Paul,Argentina,MF,5.5,,,
bc6e544a,Amar Dedić,Bosnia–Herz,DF,3.0,,,
f7059bb1,Louicius Deedson,Haiti,MF,1.2,,,
b737f944,Hannes Delcroix,Haiti,DF,3.0,,,
b19db005,Ousmane Dembélé,France,MF,6.6,,,
e3cceee6,Merih Demiral,Türkiye,DF,2.0,,,
ed79b7d3,Ermedin Demirović,Bosnia–Herz,FW,3.9,,,
5976f83e,Sergiño Dest,USA,MF,3.3,,,
0102aa7e,Frans Dhia Putros,Iraq,DF,1.0,,,
44435c8f,Oumar Diakité,Côte d'Ivoire,FW,0.3,,,
9dc96f10,Amad Diallo,Côte d'Ivoire,"MF,FW",2.1,,,
8ae7d0ec,Assane Diao,Senegal,MF,0.1,,,
6d0fe035,Habib Diarra,Senegal,MF,1.6,,,
31c69ef1,Rúben Dias,Portugal,DF,4.0,,,
8104e41e,Krépin Diatta,Senegal,DF,4.3,,,
f41a69e6,Mory Diaw,Senegal,GK,2.6,,,
407feb71,Brahim Díaz,Morocco,MF,5.1,,,
f2a276d1,Ismael Díaz,Panama,"FW,MF",0.4,,,
4a1a9578,Luis Díaz,Colombia,"FW,MF",5.3,,,
40774c6b,Bamba Dieng,Senegal,FW,0.1,,,
1b84dbe1,Lucas Digne,France,DF,5.1,,,
d2e33ba2,Diney,Cabo Verde,DF,4.3,,,
394be156,Ousmane Diomande,Côte d'Ivoire,DF,1.0,,,
919f5f54,Yan Diomandé,Côte d'Ivoire,"MF,FW",3.7,,,
a712ca2b,Issa Diop,Morocco,DF,5.3,,,
bd5eb2e5,El Hadji Malick Diouf,Senegal,DF,1.9,,,
d01bbb6f,Ritsu Doan,Japan,MF,3.1,,,
fffea3e5,Jeremy Doku,Belgium,MF,3.4,,,
fdf4cfe5,Merchas Doski,Iraq,DF,3.0,,,
e95b4604,David Douděra,Czechia,MF,1.0,,,
9e7483ff,Désiré Doué,France,MF,4.4,,,
b4ef3fb5,Guéla Doué,Côte d'Ivoire,DF,3.1,,,
6af8fc5b,Deroy Duarte,Cabo Verde,MF,2.9,,,
4af3d3c8,Laros Duarte,Cabo Verde,MF,1.8,,,
481c9ece,Denzel Dumfries,Netherlands,"DF,MF",4.3,,,
0cbc8baa,Jean-Kevin Duverne,Haiti,DF,1.9,,,
cd92357a,Lyndon Dykes,Scotland,"FW,MF",0.4,,,
3bb7f478,Edin Džeko,Bosnia–Herz,FW,2.0,,,
130368de,Roshon van Eijma,Curaçao,DF,0.2,,,
2fba6108,Anthony Elanga,Sweden,"MF,FW",2.4,,,
5d51b074,Meschak Elia,Congo DR,"FW,MF",0.5,,,
9d6968a3,Callan Elliot,New Zealand,DF,0.1,,,
8eeb8ba4,Eren Elmalı,Türkiye,DF,1.2,,,
48035304,Nico Elvedi,Switzerland,DF,6.7,,,
0b4f388a,Breel Embolo,Switzerland,FW,5.6,,,
9cfbad36,Julio Enciso,Paraguay,FW,4.3,,,
a2728fbf,Endrick,Brazil,FW,1.3,,,
bd6667ba,Sherzod Esanov,Uzbekistan,MF,0.0,,,
4991ec66,Fidel Escobar,Panama,DF,1.0,,,
d38fdf53,Pervis Estupiñán,Ecuador,MF,1.0,,,
59059f1e,Derrick Etienne,Haiti,"FW,MF",0.1,,,
577efaec,Stephen Eustáquio,Canada,MF,4.4,,,
9edb83f4,Martin Expérience,Haiti,"DF,MF",3.0,,,
314d95ac,Saeid Ezatolahi,IR Iran,MF,2.9,,,
ae4fc6a4,Eberechi Eze,England,MF,2.3,,,
7f3b388c,Fabinho,Brazil,"DF,MF",0.8,,,
682e47b3,José Fajardo,Panama,FW,1.7,,,
30591ae5,Odeh Al-Fakhouri,Jordan,"MF,FW",1.6,,,
57fe6b9b,Henrik Falchener,Norway,DF,0.7,,,
e046cff6,Marko Farji,Iraq,MF,0.6,,,
0aeeed3f,Christian Fassnacht,Switzerland,"FW,MF",0.1,,,
bceda5ff,Abdul Fatawu Issahaku,Ghana,"FW,MF",1.5,,,
f2369793,Ahmed Fathy,Qatar,MF,1.7,,,
c8ef4955,Hamdy Fathy,Egypt,"DF,MF",2.6,,,
de13286d,Ahmed Fatouh,Egypt,DF,3.0,,,
ef1d36a1,Abbosbek Fayzullayev,Uzbekistan,MF,2.4,,,
8aafd64f,João Félix,Portugal,MF,2.2,,,
ee64a822,Lewis Ferguson,Scotland,MF,3.0,,,
507c7bdf,Bruno Fernandes,Portugal,MF,4.7,,,
5ff4ab71,Enzo Fernández,Argentina,MF,7.3,,,
0cdb6a2a,Matias Fernandez-Pardo,Belgium,"FW,MF",0.5,,,
c705cdc4,Álvaro Fidalgo,Mexico,MF,1.1,,,
5ad49fbb,Sherel Floranus,Curaçao,DF,3.0,,,
5313ed43,Seko Fofana,Côte d'Ivoire,MF,1.0,,,
9d420dad,Yahia Fofana,Côte d'Ivoire,GK,4.0,,,
21932982,Deveron Fonville,Curaçao,DF,2.7,,,
ddcc9e22,Yassin Fortuné,Haiti,"FW,MF",0.1,,,
f84a807c,Lyle Foster,South Africa,FW,0.6,,,
c76b161b,Alan Franco,Ecuador,DF,2.8,,,
754f150b,Alex Freeman,USA,DF,4.2,,,
2f49476c,Matt Freese,USA,GK,4.0,,,
98d2c2c4,Remo Freuler,Switzerland,MF,6.6,,,
f86ad3f5,Marco Friedl,Austria,DF,0.3,,,
bf7a9d1a,Juriën Gaari,Curaçao,DF,1.8,,,
af9ef8aa,Jassem Gaber,Qatar,MF,1.7,,,
1971591f,Cody Gakpo,Netherlands,FW,4.1,,,
8e97a57b,Matías Galarza,Paraguay,MF,4.3,,,
89c136f6,Hernán Galíndez,Ecuador,GK,4.0,,,
d0846b6c,Jesús Gallardo,Mexico,DF,4.1,,,
efcf04d2,Ahmed Al-Ganehi,Qatar,FW,0.4,,,
733f1a7d,Ben Gannon-Doak,Scotland,MF,2.1,,,
2bed3eab,Eric García,Spain,"DF,MF",0.2,,,
19cae58d,Gavi,Spain,FW,0.8,,,
cd494a8d,Jason Geria,Australia,DF,0.7,,,
c16843c7,Khalid Al Ghannam,Saudi Arabia,MF,0.0,,,
5b3cfa12,Ismaël Gharbi,Tunisia,MF,1.4,,,
b6c90b4b,Mehdi Ghayedi,IR Iran,FW,0.5,,,
14aac43e,Farés Ghedjemis,Algeria,"FW,MF",0.0,,,
f7b1d4e0,Saman Ghoddos,IR Iran,MF,2.3,,,
4a078e18,Mohammad Ghorbani,IR Iran,MF,1.0,,,
18c8c3c7,Lee Gi-hyuk,Korea Republic,DF,3.0,,,
d0a0858e,Armin Gigovic,Bosnia–Herz,MF,0.9,,,
0d425331,Orlando Gill,Paraguay,GK,5.3,,,
37337aea,Santiago Giménez,Mexico,FW,1.0,,,
2d496ca3,Aníbal Godoy,Panama,MF,0.0,,,
76a82373,Andrés Gómez,Colombia,MF,0.0,,,
916728da,Diego Gómez,Paraguay,MF,3.4,,,
d5ce52a5,Gustavo Gómez,Paraguay,DF,5.3,,,
1278bc9a,Armando González,Mexico,FW,0.2,,,
2374aaca,Nicolás González,Argentina,MF,2.9,,,
2bd83368,Anthony Gordon,England,MF,4.4,,,
cc86b9a3,Leon Goretzka,Germany,MF,1.1,,,
52d1a4c6,Kenji Gorré,Curaçao,"FW,MF",0.2,,,
82a2ca86,Keisuke Gotō,Japan,FW,0.1,,,
aad56ca3,Amine Gouiri,Algeria,FW,2.8,,,
b8e740fb,Ryan Gravenberch,Netherlands,MF,3.8,,,
8e235926,Michael Gregoritsch,Austria,FW,2.1,,,
ffbbc83b,Florian Grillitsch,Austria,"DF,MF",1.0,,,
8aec0537,Pascal Groß,Germany,"DF,MF",0.2,,,
d5d22a58,Gabriel Gudmundsson,Sweden,"MF,DF",3.7,,,
ccfa8e5e,Cho Gue-sung,Korea Republic,FW,0.3,,,
d0706b27,Marc Guéhi,England,DF,7.4,,,
b73f17f8,Evann Guessand,Côte d'Ivoire,"FW,MF",0.2,,,
72c812f3,Idrissa Gueye,Senegal,MF,4.0,,,
7155e3e1,Pape Gueye,Senegal,MF,2.6,,,
82518f62,Bruno Guimarães,Brazil,MF,4.6,,,
f0fb443e,Deniz Gül,Türkiye,FW,0.4,,,
3741ca58,Arda Güler,Türkiye,MF,3.0,,,
e082af5b,Angus Gunn,Scotland,GK,3.0,,,
d56b9520,Malo Gusto,France,DF,1.3,,,
d88f31db,Brian Gutiérrez,Mexico,MF,2.2,,,
56f6d192,Jorge Gutiérrez,Panama,DF,1.0,,,
5ad50391,Joško Gvardiol,Croatia,DF,1.5,,,
4d5a9185,Viktor Gyökeres,Sweden,FW,4.0,,,
0c492054,Aziz Gʻaniyev,Uzbekistan,MF,1.4,,,
1f44ac21,Erling Haaland,Norway,FW,5.2,,,
85660a5d,Ihsan Haddad,Jordan,DF,2.9,,,
7bc7eef2,Anis Hadj Moussa,Algeria,MF,1.1,,,
576817b7,Jaouen Hadjam,Algeria,DF,1.2,,,
e8213ed3,Amir Hadžiahmetović,Bosnia–Herz,MF,0.1,,,
82cfae2a,Dennis Hadžikadunić,Bosnia–Herz,DF,0.3,,,
d2debf23,Karim Hafez,Egypt,DF,1.9,,,
b060e3b8,Ehsan Hajsafi,IR Iran,DF,1.0,,,
e42d61c7,Achraf Hakimi,Morocco,DF,6.3,,,
e17c2cec,Redouane Halhal,Morocco,DF,2.0,,,
8450467d,Ali Al Hamadi,Iraq,FW,2.0,,,
cc4b5436,Abdullah Al-Hamdan,Saudi Arabia,FW,0.8,,,
2a5e8f82,Mohamed Amine Ben Hamida,Tunisia,DF,2.2,,,
03f63e77,Odiljon Hamrobekov,Uzbekistan,MF,0.9,,,
071f2dd3,Lee Han-beom,Korea Republic,DF,3.0,,,
e9254eec,Grant Hanley,Scotland,DF,2.0,,,
70bad10b,Sontje Hansen,Curaçao,FW,0.5,,,
9bcf1513,Mohamed Hany,Egypt,DF,5.3,,,
1d88554c,Moteb Al-Harbi,Saudi Arabia,DF,2.1,,,
3a9b682b,Saleh Hardani,IR Iran,DF,1.0,,,
3f18600c,Carlos Harvey,Panama,MF,3.0,,,
f8416e89,Akam Hashim,Iraq,DF,3.0,,,
e0979e74,Haissem Hassan,Egypt,MF,1.4,,,
87351c2e,Jalal Hassan,Iraq,GK,1.5,,,
c5065ef8,Abdulaziz Hatem,Qatar,MF,0.5,,,
bde35051,Jorrel Hato,Netherlands,DF,0.4,,,
fed7cb61,Kai Havertz,Germany,FW,3.9,,,
41bd6c64,Hassan Al-Haydos,Qatar,MF,0.6,,,
4fd08daa,Jan Paul van Hecke,Netherlands,DF,4.3,,,
169fd162,Hwang Hee-chan,Korea Republic,FW,1.2,,,
834fea76,Torbjørn Heggem,Norway,DF,4.9,,,
6d258576,Alaa Al Hejji,Saudi Arabia,MF,0.4,,,
e5a76dfe,Dean Henderson,England,GK,1.0,,,
935e6b8f,Jordan Henderson,England,MF,0.1,,,
ffed43e3,Jack Hendry,Scotland,DF,3.0,,,
8059806f,Luiz Henrique,Brazil,"FW,MF",0.3,,,
d4c9725f,Theo Hernández,France,DF,2.9,,,
6f808c85,Lucas Herrington,Australia,DF,2.3,,,
92e7e919,Son Heung-min,Korea Republic,FW,1.9,,,
1780bb4a,Aaron Hickey,Scotland,DF,0.8,,,
12806697,Isak Hien,Sweden,DF,2.4,,,
0c7a48f8,Piero Hincapié,Ecuador,DF,3.8,,,
5521f419,Adam Hložek,Czechia,FW,1.7,,,
e03c2d97,Tomáš Holeš,Czechia,DF,1.7,,,
47270f0c,Amirhossein Hosseinzadeh,IR Iran,FW,0.2,,,
95d5aea2,Robin Hranáč,Czechia,DF,3.0,,,
1f2d714c,Ajdin Hrustic,Australia,MF,0.9,,,
de2f44ce,César Huerta,Mexico,"FW,MF",0.1,,,
c164fda2,Al-Hashmi Al-Hussain,Qatar,MF,0.4,,,
8b574de7,Ayman Hussein,Iraq,FW,1.3,,,
d25422fb,Oh Hyeon-gyu,Korea Republic,FW,1.4,,,
f4cda99f,Yang Hyun-jun,Korea Republic,"FW,MF",0.2,,,
82efe6fa,Roger Ibanez,Brazil,DF,0.5,,,
0b89ad1b,Yasser Ibrahim,Egypt,DF,5.2,,,
75645f0e,Borja Iglesias,Spain,FW,0.0,,,
92fa5d28,Hwang In-beom,Korea Republic,MF,2.9,,,
62709ee4,Christ Inao Oulaï,Côte d'Ivoire,MF,2.3,,,
6fa3c28e,Zidane Iqbal,Iraq,MF,2.1,,,
4ac730b2,Nestory Irankunda,Australia,"FW,MF",2.9,,,
4637747c,Jackson Irvine,Australia,MF,2.5,,,
8e92be30,Alexander Isak,Sweden,FW,4.0,,,
a671316d,Wilson Isidor,Haiti,FW,2.1,,,
3b8abe7c,Jamshid Iskanderov,Uzbekistan,"FW,MF",0.1,,,
c65effaa,Zaid Ismail,Iraq,MF,1.3,,,
97d545ae,Ko Itakura,Japan,DF,1.4,,,
2eb0ee9a,Jacob Italiano,Australia,DF,1.8,,,
204dded0,Hiroki Ito,Japan,DF,4.0,,,
dbd3a428,Junya Itō,Japan,MF,2.4,,,
ef233486,Cedric Itten,Switzerland,"FW,MF",0.5,,,
9c36ed83,Nicolas Jackson,Senegal,FW,2.6,,,
34b0387f,Lee Jae-sung,Korea Republic,FW,1.3,,,
08452314,Alireza Jahanbakhsh,IR Iran,"FW,MF",0.5,,,
a0415710,Ismail Jakobs,Senegal,DF,2.4,,,
1265a93a,Reece James,England,DF,3.5,,,
32d4f1e1,Amer Jamous,Jordan,MF,0.2,,,
a400da8e,Luca Jaquez,Switzerland,DF,0.9,,,
889588db,Ardon Jashari,Switzerland,MF,0.8,,,
1a927a6f,Ali Jasim,Iraq,MF,1.4,,,
59fcbd6d,Danley Jean-Jacques,Haiti,MF,2.9,,,
3a049da1,Eom Ji-sung,Korea Republic,MF,0.5,,,
b561db50,Raúl Jiménez,Mexico,FW,3.5,,,
7c0479b1,Kim Jin-gyu,Korea Republic,MF,0.6,,,
3316967a,Park Jinseob,Korea Republic,"DF,MF",0.4,,,
3c181746,Ruslanbek Jiyanov,Uzbekistan,FW,0.0,,,
4fb17e20,Alistair Johnston,Canada,DF,5.0,,,
1bacc518,Frenkie de Jong,Netherlands,MF,3.6,,,
d1828392,Lenny Joseph,Haiti,FW,1.3,,,
620764f4,Edmilson Junior,Qatar,"MF,FW",2.3,,,
7111d552,Vinicius Júnior,Brazil,FW,4.9,,,
0c295d6e,Elijah Just,New Zealand,MF,2.9,,,
62592fc1,Musab Al Juwayr,Saudi Arabia,"MF,FW",1.7,,,
b1bfd1d4,Ayoub El Kaabi,Morocco,FW,0.8,,,
2d61d13a,Ozan Kabak,Türkiye,DF,1.0,,,
66c52a77,Ferdi Kadioglu,Türkiye,DF,1.8,,,
cb01ad74,Kaku,Paraguay,MF,0.1,,,
15f24fe7,Saša Kalajdžić,Austria,FW,0.9,,,
dd211559,Gédéon Kalulu,Congo DR,DF,0.1,,,
15b287da,Daichi Kamada,Japan,MF,3.7,,,
24353c25,Hossein Kanaanizadegan,IR Iran,DF,1.5,,,
21a66f6a,Harry Kane,England,FW,7.2,,,
8455ad90,Lee Kang-in,Korea Republic,FW,3.0,,,
74ccf212,Mohamed Kanno,Saudi Arabia,MF,2.5,,,
3f3c941a,Steve Kapuadi,Congo DR,DF,2.0,,,
74cdaeba,Bekhruz Karimov,Uzbekistan,DF,2.0,,,
e0a1f4eb,Jesper Karlström,Sweden,MF,1.5,,,
0c142e14,Gervane Kastaneer,Curaçao,"FW,MF",0.3,,,
35bd124a,Nikola Katić,Bosnia–Herz,DF,3.5,,,
f99b71de,Edo Kayembe,Congo DR,MF,1.8,,,
4657faba,Joris Kayembe,Congo DR,"DF,FW",0.5,,,
05e19d6a,Franck Kessié,Côte d'Ivoire,MF,3.8,,,
ab47ae1c,Abdullah Al-Khaibari,Saudi Arabia,MF,2.0,,,
0aed29f1,Shoja' Khalilzadeh,IR Iran,DF,3.0,,,
d2dd2ffb,Dostonbek Khamdamov,Uzbekistan,MF,1.1,,,
f7042636,Bilal El Khannouss,Morocco,"MF,FW",5.1,,,
59e4b92e,Rani Khedira,Tunisia,MF,1.7,,,
7be5ad52,Boualem Khoukhi,Qatar,DF,3.0,,,
d17ce930,Abdukodir Khusanov,Uzbekistan,DF,3.0,,,
49296448,Joshua Kimmich,Germany,DF,3.9,,,
4c3a6744,Justin Kluivert,Netherlands,"FW,MF",0.3,,,
cd59b9df,Gregor Kobel,Switzerland,GK,6.7,,,
9bf914b4,Orkun Kökçü,Türkiye,MF,1.7,,,
3935e52e,Sead Kolašinac,Bosnia–Herz,DF,3.7,,,
6b2c894b,Ghislain Konan,Côte d'Ivoire,DF,3.0,,,
5ed9b537,Ibrahima Konaté,France,DF,0.7,,,
e0220b70,Ismaël Koné,Canada,MF,1.6,,,
86574238,Manu Koné,France,MF,4.3,,,
0313a347,Ezri Konsa,England,DF,7.2,,,
a26fb8aa,Teun Koopmeiners,Netherlands,"DF,MF",1.4,,,
1f3afdcb,Odilon Kossounou,Côte d'Ivoire,DF,3.0,,,
da974c7b,Kalidou Koulibaly,Senegal,DF,1.8,,,
4d1666ff,Jules Koundé,France,DF,6.7,,,
79c0821a,Mateo Kovačić,Croatia,MF,3.0,,,
bc67a0e1,Matej Kovar,Czechia,GK,3.0,,,
603cb947,Andrej Kramarić,Croatia,"FW,MF",0.7,,,
5b5c2228,Ladislav Krejčí,Czechia,DF,3.0,,,
16aa3654,Takefusa Kubo,Japan,MF,0.8,,,
42c94967,Brandley Kuwas,Curaçao,"FW,MF",0.0,,,
36bdd145,Prince Kwabena Adu,Ghana,FW,0.4,,,
277c49ed,Maxence Lacroix,France,DF,2.7,,,
9e39fa2d,Gustaf Lagerbielke,Sweden,DF,4.0,,,
c1b7847c,Konrad Laimer,Austria,"MF,DF",4.0,,,
46f7ab4f,Ali Lajami,Saudi Arabia,DF,1.7,,,
8e6d2fcd,Senne Lammens,Belgium,GK,0.2,,,
8e034340,Noa Lang,Netherlands,"FW,MF",0.1,,,
107e4890,Sondre Langås,Norway,DF,0.3,,,
119b9a8e,Aymeric Laporte,Spain,DF,8.1,,,
e7af9060,Cyle Larin,Canada,FW,2.1,,,
276fdbe4,Richie Laryea,Canada,DF,4.8,,,
8c041c7d,Mohanad Lasheen,Egypt,MF,4.0,,,
c078667a,Issa Laye,Qatar,"MF,DF",3.0,,,
20730eae,Rafael Leão,Portugal,MF,1.8,,,
b93b7882,Mathew Leckie,Australia,MF,0.7,,,
9b5ce51a,Jefferson Lerma,Colombia,MF,4.6,,,
13fe7b69,Jamie Leweling,Germany,"FW,MF",0.3,,,
302527b2,Philipp Lienhart,Austria,DF,2.0,,,
f5deef4c,Victor Lindelöf,Sweden,"DF,MF",4.0,,,
7b2c24ed,Erik Lira,Mexico,MF,3.8,,,
58f077c0,Dominik Livaković,Croatia,GK,4.0,,,
c115db1e,Dailon Livramento,Cabo Verde,FW,1.9,,,
02c15616,Marcos Llorente,Spain,DF,2.1,,,
d7553721,Giovani Lo Celso,Argentina,MF,0.7,,,
6cc47ae1,Jürgen Locadia,Curaçao,FW,2.6,,,
31d68775,Azarías Londoño,Panama,MF,0.6,,,
20700569,Sidny Lopes Cabral,Cabo Verde,DF,3.2,,,
e1426a52,Flaco López,Argentina,FW,0.2,,,
30a09cb5,Derrick Luckassen,Ghana,DF,2.0,,,
80490d7f,Jhon Lucumí,Colombia,DF,5.3,,,
b333b014,José Luis Rodríguez,Panama,"MF,FW",2.6,,,
5eae500a,Romelu Lukaku,Belgium,FW,2.6,,,
0c61c77c,Dodi Lukebakio,Belgium,MF,1.8,,,
a2056e82,Jovo Lukić,Bosnia–Herz,FW,0.7,,,
922da988,Awer Mabil,Australia,"FW,MF",0.3,,,
83d074ff,Alexis Mac Allister,Argentina,MF,8.3,,,
b3f8bdef,Deiver Machado,Colombia,DF,1.0,,,
964dde35,Shuto Machino,Japan,FW,0.1,,,
2b1d2ada,Assim Madibo,Qatar,MF,1.5,,,
bf34eebd,Noni Madueke,England,MF,3.2,,,
395451fc,Daizen Maeda,Japan,MF,2.7,,,
67ac5bb8,Gabriel Magalhães,Brazil,DF,5.0,,,
86e34165,Ermin Mahmić,Bosnia–Herz,MF,0.8,,,
081048c2,Hadj Mahmoud,Tunisia,MF,0.5,,,
892d5bb1,Riyad Mahrez,Algeria,MF,2.9,,,
4d0d5020,Alexandro Maidana,Paraguay,DF,0.6,,,
fcb38f57,Mike Maignan,France,GK,8.0,,,
4d76d03b,Evidence Makgopa,South Africa,FW,2.4,,,
f95ac2b6,Ahmed Maknzi,Iraq,DF,0.4,,,
116c35df,Donyell Malen,Netherlands,FW,2.1,,,
de57cd45,Arjan Malic,Bosnia–Herz,DF,0.5,,,
1e20b706,Mohamed Manai,Qatar,DF,0.8,,,
fbd6378b,Aïssa Mandi,Algeria,DF,4.0,,,
c691bfe2,Sadio Mané,Senegal,"MF,FW",4.0,,,
f1d74479,Juan Manuel Sanabria,Uruguay,DF,2.3,,,
8fcf0e12,Johan Manzambi,Switzerland,"MF,FW",2.2,,,
1eedc1ea,Mahmoud Al-Mardi,Jordan,MF,1.4,,,
be915a68,Jearl Margaritha,Curaçao,"FW,MF",0.5,,,
0e0102eb,Omar Marmoush,Egypt,"FW,MF",3.6,,,
d5f2f82b,Marquinhos,Brazil,DF,5.0,,,
48a5a5d6,Gabriel Martinelli,Brazil,MF,1.6,,,
59146354,Guillermo Martínez Ayala,Mexico,FW,0.8,,,
fdb15495,Cristian Martínez,Panama,"MF,FW",2.7,,,
7956236f,Emiliano Martínez,Argentina,GK,9.0,,,
f7036e1c,Lautaro Martínez,Argentina,FW,3.4,,,
bac46a10,Lisandro Martínez,Argentina,DF,6.9,,,
498d45f7,Thapelo Maseko,South Africa,"MF,FW",2.7,,,
c88f913e,Hazem Mastouri,Tunisia,FW,1.0,,,
57df7a11,Arthur Masuaku,Congo DR,DF,3.5,,,
948e1292,Igor Matanović,Croatia,FW,1.1,,,
feb5d972,Pape Matar Sarr,Senegal,MF,0.7,,,
50e6dc35,Jean-Philippe Mateta,France,FW,0.3,,,
bf4cbc22,Mauricio,Paraguay,MF,1.9,,,
0d113a00,Fiston Mayele,Congo DR,FW,0.5,,,
89b3bc5e,Ibrahim Maza,Algeria,"MF,FW",3.9,,,
b74277a0,Noussair Mazraoui,Morocco,DF,5.3,,,
42fd9c7f,Kylian Mbappé,France,FW,7.7,,,
f6272be9,Thalente Mbatha,South Africa,MF,2.9,,,
201b4ee4,Ibrahim Mbaye,Senegal,MF,1.7,,,
e76cb9cc,Chancel Mbemba,Congo DR,DF,4.0,,,
13398d42,Mbekezeli Mbokazi,South Africa,DF,4.0,,,
46750e9c,Nathanaël Mbuku,Congo DR,"MF,FW",1.6,,,
3fc42049,Callum McCowatt,New Zealand,MF,1.8,,,
90f91999,John McGinn,Scotland,MF,2.9,,,
4e5a4cbc,Scott McKenna,Scotland,DF,1.0,,,
01c3aff5,Weston McKennie,USA,MF,4.9,,,
a5f5d094,Mark McKenzie,USA,DF,1.0,,,
471f16b3,Kenny McLean,Scotland,MF,1.3,,,
d93c2511,Scott McTominay,Scotland,MF,3.0,,,
0a6dbbf7,Brandon Mechele,Belgium,DF,6.3,,,
6f5ec8bb,Facundo Medina,Argentina,DF,3.4,,,
1fe8ecf7,Yaimar Medina,Ecuador,"DF,MF",0.5,,,
ca22ccb0,Hannibal Mejbri,Tunisia,MF,3.0,,,
918c187c,Amar Memić,Bosnia–Herz,MF,2.5,,,
8f696594,Memphis,Netherlands,"FW,MF",0.6,,,
8738a7a1,Sultan Mendash,Saudi Arabia,MF,0.7,,,
5169f27f,Lucas Mendes,Qatar,DF,0.0,,,
f20e4cc9,Nuno Mendes,Portugal,DF,4.4,,,
ba6e01ab,Ryan Mendes,Cabo Verde,"FW,MF",3.7,,,
33887998,Édouard Mendy,Senegal,GK,1.7,,,
9bdd8118,Gideon Mensah,Ghana,DF,4.0,,,
d080ed5e,Mikel Merino,Spain,MF,2.2,,,
d70ce98e,Lionel Messi,Argentina,FW,8.2,,,
73ce4d7d,Connor Metcalfe,Australia,MF,3.5,,,
e162b013,Thomas Meunier,Belgium,DF,2.1,,,
983515f8,Liam Millar,Canada,MF,1.8,,,
e0f8151c,Kim Min-jae,Korea Republic,DF,2.7,,,
6d5701f2,Yerry Mina,Colombia,DF,0.0,,,
9cfd5b00,Alan Minda,Ecuador,MF,0.6,,,
bb1f97f2,Aubrey Modiba,South Africa,DF,3.8,,,
6025fab1,Luka Modrić,Croatia,MF,3.5,,,
25c3fb97,Relebohile Mofokeng,South Africa,MF,1.9,,,
92f69be8,Shahriar Moghanlou,IR Iran,FW,1.0,,,
740a0e28,Milad Mohammadi,IR Iran,DF,2.3,,,
7b6b53c3,Mohammad Mohebi,IR Iran,MF,2.7,,,
608f2092,Johan Mojica,Colombia,DF,4.3,,,
00029b1e,Teboho Mokoena,South Africa,MF,3.0,,,
23610943,Nahuel Molina,Argentina,DF,5.9,,,
d384bddd,Jamiro Monteiro,Cabo Verde,MF,3.1,,,
28e957d7,César Montes,Mexico,DF,3.5,,,
374d5158,Gonzalo Montiel,Argentina,DF,2.1,,,
6bce7dd8,Kim Moon-hwan,Korea Republic,MF,0.8,,,
69c9ffe8,Gilberto Mora,Mexico,MF,2.4,,,
12de1b0d,Diego Moreira,Belgium,MF,0.6,,,
f10983ae,Steven Moreira,Cabo Verde,DF,3.3,,,
546d38f9,Tshepang Moremi,South Africa,MF,0.4,,,
ea34d827,Orlando Mosquera,Panama,GK,3.0,,,
1a03d055,Samir El Mourabet,Morocco,MF,0.9,,,
af0c835b,Samuel Moutoussamy,Congo DR,MF,3.7,,,
114cb95b,Akmal Mozgovoy,Uzbekistan,MF,2.4,,,
5c6b0637,Lionel Mpasi,Congo DR,GK,4.0,,,
75388f92,Khuliso Mudau,South Africa,DF,4.0,,,
426dda23,Tarik Muharemovic,Bosnia–Herz,DF,2.9,,,
844c6a91,Miro Muheim,Switzerland,"DF,MF",1.0,,,
bb461b8a,Ngal'Ayel Mukau,Congo DR,MF,2.2,,,
1295552e,Mert Müldür,Türkiye,DF,1.1,,,
778ef829,Daniel Muñoz,Colombia,DF,4.4,,,
4567a0b4,Petar Musa,Croatia,FW,1.2,,,
2c0558b8,Jamal Musiala,Germany,MF,3.0,,,
a2abe631,Fernando Muslera,Uruguay,GK,2.5,,,
2ff76adc,Phillipp Mwene,Austria,DF,1.6,,,
9affc5f2,David Møller Wolfe,Norway,DF,4.8,,,
4b6960d2,Yūto Nagatomo,Japan,"DF,MF",0.2,,,
d97af612,Keito Nakamura,Japan,MF,3.4,,,
aaab3072,Abdallah Nasib,Jordan,DF,2.9,,,
aeb0c7f7,Sherzod Nasrullaev,Uzbekistan,"DF,MF",2.0,,,
20e87a42,Duckens Nazon,Haiti,"FW,MF",0.3,,,
5ed97752,Iliman Ndiaye,Senegal,FW,1.3,,,
8e697a8f,Dan Ndoye,Switzerland,"MF,FW",4.5,,,
92305a81,Jayden Nelson,Canada,"FW,MF",0.0,,,
19a221f7,Ali Nemati,IR Iran,DF,3.0,,,
25e45f2a,Abduvohid Nematov,Uzbekistan,GK,2.0,,,
7ba2eaa9,Pedro Neto,Portugal,MF,3.9,,,
8778c910,Manuel Neuer,Germany,GK,4.3,,,
c2a15a27,João Neves,Portugal,MF,4.3,,,
44bfb6c5,Rúben Neves,Portugal,MF,0.6,,,
69384e5d,Neymar,Brazil,"FW,MF",0.4,,,
eb7abf2e,Nathan Ngoy,Belgium,DF,3.7,,,
00242715,Moussa Niakhaté,Senegal,DF,4.3,,,
a7d48b00,Gustaf Nilsson,Sweden,FW,0.0,,,
091c86e2,Felix Nmecha,Germany,MF,3.0,,,
78549904,Kristoffer Nordfeldt,Sweden,GK,2.0,,,
c3709bd2,Tyrese Noslin,Curaçao,MF,0.2,,,
234a703c,Ernest Nuamah,Ghana,MF,1.0,,,
e6af02e0,Matheus Nunes,Portugal,"DF,MF",0.0,,,
4d77b365,Darwin Núñez,Uruguay,FW,1.7,,,
4ab12002,Antonio Nusa,Norway,FW,3.5,,,
d6ebf67f,Benjamin Nygren,Sweden,MF,1.4,,,
bdedffac,Ørjan Nyland,Norway,GK,5.3,,,
c7aee75b,Aiden O'Neill,Australia,MF,4.0,,,
91ca4a16,Nico O'Reilly,England,DF,5.1,,,
f494bf5f,Salim Obaid,Jordan,DF,0.2,,,
2ffa6348,Armando Obispo,Curaçao,DF,3.0,,,
1e9bde92,Guillermo Ochoa,Mexico,GK,0.1,,,
3d2e8955,Kōki Ogawa,Japan,FW,0.5,,,
60953af0,Braian Ojeda,Paraguay,MF,0.2,,,
ca607d59,Noah Okafor,Switzerland,"FW,MF",0.2,,,
3cb58055,Ime Okon,South Africa,DF,4.0,,,
ecd6464a,Paul Okon-Engstler,Australia,MF,2.2,,,
e14e818c,Ben Old,New Zealand,MF,1.0,,,
c4486bac,Michael Olise,France,MF,7.2,,,
41c12f75,Mathías Olivera,Uruguay,DF,3.0,,,
ae44e8e2,Dani Olmo,Spain,MF,5.5,,,
950ef017,Tani Oluwaseyi,Canada,FW,2.9,,,
33c1d68d,Ali Olwan,Jordan,MF,3.0,,,
828657ff,Amadou Onana,Belgium,MF,1.2,,,
914bb955,Christopher Opéri,Côte d'Ivoire,DF,1.0,,,
091d6ee5,Jerome Opoku,Ghana,DF,3.0,,,
2990a15c,Joel Ordóñez,Ecuador,DF,2.5,,,
70106ff6,Jonathan Osorio,Canada,MF,0.1,,,
0d267745,Nicolás Otamendi,Argentina,DF,2.7,,,
a3d79d3c,Zakaria El Ouahdi,Morocco,"DF,MF",0.2,,,
010e5bae,Ayoub Al-Oui,Qatar,DF,1.7,,,
83299cc0,Azzedine Ounahi,Morocco,MF,4.8,,,
f2c060c6,Mohammed Al-Owais,Saudi Arabia,GK,3.0,,,
e2781082,Elisha Owusu,Ghana,MF,1.7,,,
8c3c640c,Mikel Oyarzabal,Spain,FW,6.7,,,
15413fa5,Salih Özcan,Türkiye,MF,1.1,,,
ecbe2839,Willian Pacho,Ecuador,DF,4.0,,,
f3bb9f59,Kendry Páez,Ecuador,MF,0.1,,,
e82adcab,Exequiel Palacios,Argentina,DF,1.0,,,
9b6f7fd5,Lucas Paquetá,Brazil,MF,2.6,,,
dff153a4,Leandro Paredes,Argentina,MF,5.3,,,
529f49ab,Thomas Partey,Ghana,MF,3.0,,,
1866b0f1,Marco Pašalić,Croatia,MF,1.1,,,
e599253a,Mario Pašalić,Croatia,MF,1.4,,,
230f0471,Nathan Patterson,Scotland,DF,2.1,,,
afcac9da,João Paulo Fernandes,Cabo Verde,DF,1.2,,,
2658c82f,Aleksandar Pavlovic,Germany,MF,3.0,,,
4e86877c,Tim Payne,New Zealand,DF,2.5,,,
01bb93d5,Nicolás Paz,Argentina,MF,0.8,,,
596cc50e,Marcus Pedersen,Norway,DF,2.6,,,
0d9b2d31,Pedri,Spain,MF,5.5,,,
57e3f0c7,Nicolas Pépé,Côte d'Ivoire,FW,2.6,,,
a2b1ed42,Ricardo Pepi,USA,FW,2.3,,,
37a6fdb3,Kojo Peprah Oppong,Ghana,DF,0.5,,,
6fe90922,Ivan Perišić,Croatia,"MF,DF",4.0,,,
12c35abe,Jens Petter Hauge,Norway,"DF,FW",0.1,,,
f71ad8cb,Charles Pickel,Congo DR,"DF,MF",0.4,,,
4806ec67,Jordan Pickford,England,GK,7.3,,,
faef0f92,Pico,Cabo Verde,DF,4.3,,,
307877be,Frantzdy Pierrot,Haiti,FW,1.6,,,
296026ae,Kevin Pina,Cabo Verde,MF,3.9,,,
9bf22b95,Wagner Pina,Cabo Verde,DF,1.0,,,
411fabd7,Orbelín Pineda,Mexico,"FW,MF",0.3,,,
540ec57b,Yéremy Pino,Spain,"FW,MF",0.8,,,
e9fc7295,Isidro Pitta,Paraguay,FW,0.5,,,
f1666a9d,Johny Placide,Haiti,GK,3.0,,,
54bcdeb0,Gonzalo Plata,Ecuador,FW,4.0,,,
2a6cd437,Marin Pongračić,Croatia,DF,3.0,,,
7d704e92,Jackson Porozo,Ecuador,DF,0.3,,,
27d0a506,Pedro Porro,Spain,DF,6.3,,,
7f609bfc,Stefan Posch,Austria,DF,3.7,,,
6637e6a7,Alexander Prass,Austria,"DF,MF",0.3,,,
eadc8e4f,Ángelo Preciado,Ecuador,"DF,MF",1.2,,,
26bab383,Ruben Providence,Haiti,MF,2.4,,,
8f21b7bd,Lukáš Provod,Czechia,FW,1.4,,,
365113c0,Marc Pubill,Spain,DF,0.0,,,
2c08cab0,Gustavo Puerta,Colombia,MF,5.2,,,
1bf33a9a,Christian Pulisic,USA,MF,2.5,,,
27219ecb,Ahmed Qasem,Iraq,"MF,FW",1.4,,,
4125cb98,Jarell Quansah,England,DF,2.2,,,
5535c728,Julián Quiñones,Mexico,"FW,MF",4.6,,,
5854ae43,Alberto Quintero,Panama,"FW,MF",0.0,,,
540d0b37,Juan Quintero,Colombia,"FW,MF",1.3,,,
e32afa36,Ramy Rabia,Egypt,DF,4.1,,,
8794e251,Adrien Rabiot,France,MF,6.5,,,
30e03a25,Stjepan Radeljić,Bosnia–Herz,DF,2.0,,,
f126a259,Soufiane Rahimi,Morocco,FW,1.8,,,
e4086af3,Abdul Rahman Baba,Ghana,"DF,MF",0.0,,,
56208b05,Anthony Ralston,Scotland,DF,0.1,,,
f63cda26,Gonçalo Ramos,Portugal,FW,0.4,,,
30cda59f,Jiovany Ramos,Panama,DF,1.8,,,
513ec88e,Jesse Randall,New Zealand,MF,0.7,,,
15f733fb,Raúl Rangel,Mexico,GK,4.9,,,
3423f250,Raphinha,Brazil,"MF,FW",1.4,,,
feaa0ffd,Nizar Al Rashdan,Jordan,MF,2.8,,,
a1d5bd30,Marcus Rashford,England,MF,2.5,,,
dba1f190,Nicolas Raskin,Belgium,MF,3.8,,,
7d450ed3,David Raum,Germany,DF,1.2,,,
3bb06c86,Noor Al Rawabdeh,Jordan,MF,3.0,,,
288647fc,Rayan,Brazil,"FW,MF",3.2,,,
190b0d5e,Iqraam Rayners,South Africa,FW,1.8,,,
28b40c9c,Tim Ream,USA,DF,4.0,,,
afb61630,Tijjani Reijnders,Netherlands,MF,2.2,,,
e69e0f7b,Omar Rekik,Tunisia,DF,2.0,,,
0db8bbc4,Israel Reyes,Mexico,DF,2.2,,,
7fa4e703,Gio Reyna,USA,MF,1.5,,,
c0ae3446,Ramin Rezaeian,IR Iran,"DF,MF",3.0,,,
b3b9b8b8,Chadi Riad,Morocco,DF,3.8,,,
1c7012b8,Declan Rice,England,MF,6.2,,,
0a3d6d2b,Chris Richards,USA,DF,4.0,,,
c2bd8585,Fabian Rieder,Switzerland,"MF,FW",3.4,,,
72da065d,Richard Ríos,Colombia,MF,1.6,,,
8735fe66,Ró-Ró,Qatar,DF,3.0,,,
2e4f5f03,Andy Robertson,Scotland,DF,2.5,,,
289601e6,Antonee Robinson,USA,"DF,MF",3.9,,,
782a95d9,Miles Robinson,USA,DF,1.0,,,
81b99b9e,Sergio Rochet,Uruguay,GK,0.5,,,
6434f10d,Rodri,Spain,MF,8.0,,,
149895bf,Garry Rodrigues,Cabo Verde,MF,0.8,,,
c86041d7,Brian Rodríguez,Uruguay,"FW,MF",0.5,,,
715bf047,James Rodríguez,Colombia,"FW,MF",3.5,,,
189fb038,Kevin Rodríguez,Ecuador,FW,1.3,,,
7f78ad23,Ricardo Rodríguez,Switzerland,DF,5.7,,,
59f97bc8,Tomás Rodríguez,Panama,FW,0.5,,,
a646b710,Godfried Roemeratoe,Curaçao,MF,0.1,,,
2e5915f1,Morgan Rogers,England,MF,3.8,,,
a3d94a58,Cristian Romero,Argentina,DF,6.8,,,
e590bb10,Luis Romo,Mexico,MF,2.9,,,
dea698d9,Cristiano Ronaldo,Portugal,FW,4.9,,,
6b33d86b,Eloy Room,Curaçao,GK,3.0,,,
2a1beb34,Marten de Roon,Netherlands,"DF,MF",0.1,,,
f3115445,Saed Al-Rosan,Jordan,DF,0.1,,,
18b896d6,Antonio Rüdiger,Germany,DF,2.9,,,
c0c7ff58,Fabián Ruiz Peña,Spain,MF,3.6,,,
4535e4bb,Mathew Ryan,Australia,GK,0.0,,,
009a4f60,Julian Ryerson,Norway,DF,2.5,,,
78a2284f,Elias Saad,Tunisia,"MF,FW",1.3,,,
14f47102,Marwane Saâdane,Morocco,"DF,MF",0.0,,,
928dc5c9,Mustafa Saadoon,Iraq,DF,0.2,,,
632c42f5,Mahmoud Saber,Egypt,MF,0.5,,,
e280527c,Marcel Sabitzer,Austria,MF,4.0,,,
645481cc,Noah Sadiki,Congo DR,MF,2.9,,,
7c9fa389,Michal Sadílek,Czechia,MF,2.0,,,
ee251371,Alexis Saelemaekers,Belgium,MF,0.9,,,
3ec9f005,Ismael Saibari,Morocco,FW,4.2,,,
bc7dc64d,Bukayo Saka,England,MF,4.0,,,
e342ad68,Mohamed Salah,Egypt,"FW,MF",4.7,,,
0d274394,Anass Salah-Eddine,Morocco,DF,2.4,,,
44cfc681,Nathan Saliba,Canada,MF,2.0,,,
972aeb2a,William Saliba,France,DF,5.3,,,
4b1d5a70,Shurandy Sambo,Curaçao,DF,0.0,,,
0a447501,Antonio Sanabria,Paraguay,FW,0.9,,,
da7b447d,Davinson Sánchez,Colombia,DF,5.3,,,
c8d1c3a5,Jorge Sánchez,Mexico,DF,3.9,,,
0d82903c,Alex Sandro,Brazil,"DF,MF",0.1,,,
2b114be3,Leroy Sané,Germany,MF,3.6,,,
bced0375,Ibrahim Sangaré,Côte d'Ivoire,MF,3.0,,,
7a7a6361,Kaishū Sano,Japan,MF,3.0,,,
a816dbfb,Danilo Santos,Brazil,MF,0.5,,,
c50e5bba,Douglas Santos,Brazil,DF,4.9,,,
fa080d50,Bara Sapoko Ndiaye,Senegal,MF,0.3,,,
bfdb33aa,Ismaila Sarr,Senegal,"MF,FW",4.0,,,
bad66fb5,Farrukh Sayfiev,Uzbekistan,"DF,MF",0.5,,,
bafbe06a,Amine Sbai,Morocco,"FW,MF",0.1,,,
236f02cd,Joe Scally,USA,DF,1.0,,,
5d4f7d61,Patrik Schick,Czechia,FW,2.0,,,
a427724f,Andreas Schjelderup,Norway,FW,2.8,,,
6fe5c35b,Alexander Schlager,Austria,GK,4.0,,,
8f056768,Xaver Schlager,Austria,MF,2.6,,,
34e12499,Nico Schlotterbeck,Germany,DF,1.5,,,
220ace7e,Romano Schmid,Austria,"MF,FW",2.9,,,
cc014f7d,Kamogelo Sebelebele,South Africa,"DF,MF",0.1,,,
f07a0fe5,Abdoulaye Seck,Senegal,DF,0.6,,,
cea59f02,Alidu Seidu,Ghana,DF,0.9,,,
28c6e925,Nicolas Seiwald,Austria,MF,3.5,,,
5c6a4059,Ayumu Seko,Japan,DF,1.0,,,
05d89c1c,Egil Selvik,Norway,GK,1.0,,,
1770bd68,Ken Sema,Sweden,"FW,MF",0.2,,,
d04b94db,Nélson Semedo,Portugal,"DF,MF",1.4,,,
d1edc98f,Willy Semedo,Cabo Verde,FW,1.5,,,
efd2ec23,Antoine Semenyo,Ghana,"MF,FW",4.0,,,
1d383c10,Marvin Senaya,Ghana,DF,3.1,,,
35141f4c,Marcos Senesi,Argentina,DF,1.2,,,
8df41977,Igor Sergeev,Uzbekistan,FW,0.3,,,
10efd0e1,Jean Seri,Côte d'Ivoire,MF,0.2,,,
eabaafa6,Kim Seung-gyu,Korea Republic,GK,3.0,,,
1e1bea09,Paik Seung-ho,Korea Republic,MF,2.3,,,
0beabf0a,Joaquin Seys,Belgium,DF,0.3,,,
339a2561,Jacob Shaffelburg,Canada,MF,1.0,,,
dd65e243,Mohammed Abu Al-Shamat,Saudi Arabia,MF,1.5,,,
63b1a176,Lawrence Shankland,Scotland,FW,1.9,,,
67e2aed8,Sharara,Jordan,FW,0.0,,,
ef301f96,Aimar Sher,Iraq,MF,0.3,,,
6bc2fef7,Kento Shiogai,Japan,FW,0.1,,,
0cb1d2ba,Mostafa Shobeir,Egypt,GK,5.3,,,
57469b2d,Eldor Shomurodov,Uzbekistan,FW,3.0,,,
62032a56,Otabek Shukurov,Uzbekistan,MF,2.6,,,
932f8e2b,Nkosinathi Sibisi,South Africa,DF,1.0,,,
be834ad7,Kwasi Sibo,Ghana,MF,2.8,,,
5c56986b,Niko Sigur,Canada,MF,1.4,,,
3eb22ec9,Bernardo Silva,Portugal,MF,1.1,,,
a9202def,Éderson Silva,Brazil,MF,0.2,,,
a6536561,Giuliano Simeone,Argentina,FW,2.1,,,
ffd8e8c5,Dominique Simon,Haiti,MF,0.6,,,
5dcf3e90,Unai Simón,Spain,GK,8.3,,,
4ba886c6,Sarpreet Singh,New Zealand,MF,2.3,,,
8b609c34,Wilfried Singo,Côte d'Ivoire,DF,1.9,,,
33bcd4b3,Sphephelo Sithole,South Africa,MF,2.5,,,
c2211709,Ellyes Skhiri,Tunisia,"MF,DF",2.8,,,
765b7bfc,Alexandr Sojka,Czechia,"MF,DF",1.6,,,
2d3417a1,Ramón Sosa,Paraguay,"FW,MF",0.1,,,
6613c819,Tomáš Souček,Czechia,MF,1.5,,,
0a6cb1b1,Harry Souttar,Australia,DF,4.3,,,
4c6facae,Djibril Sow,Switzerland,MF,2.8,,,
21166ff4,Çağlar Söyüncü,Türkiye,DF,0.1,,,
9bc9a519,Djed Spence,England,DF,4.5,,,
690d1049,Marko Stamenic,New Zealand,MF,3.0,,,
7ed08d5c,Josip Stanišić,Croatia,"DF,MF",4.0,,,
5cfec13d,Carl Starfelt,Sweden,DF,0.0,,,
18986367,Ross Stewart,Scotland,FW,0.0,,,
3b1ed320,Angelo Stiller,Germany,MF,0.5,,,
5eecec3d,John Stones,England,DF,3.7,,,
f553b2b3,Jørgen Strand Larsen,Norway,FW,1.2,,,
ff11bdec,Elliot Stroud,Sweden,MF,1.8,,,
eeba07f8,Luis Suárez,Colombia,FW,3.7,,,
1e1378e1,Luka Sučić,Croatia,"FW,MF",0.2,,,
23fb46ea,Petar Sučić,Croatia,"MF,FW",3.2,,,
580bcd18,Yukinari Sugawara,Japan,MF,1.6,,,
928bec06,Rebin Sulaka,Iraq,DF,0.5,,,
e9b893af,Pavel Šulc,Czechia,FW,2.1,,,
a62f8bf1,Kamaldeen Sulemana,Ghana,"MF,FW",1.4,,,
df04eb4b,Crysencio Summerville,Netherlands,FW,2.8,,,
e18098de,Ivan Šunjić,Bosnia–Herz,MF,2.2,,,
016e419b,Finn Surman,New Zealand,DF,3.0,,,
33a6a650,Josip Šutalo,Croatia,DF,4.0,,,
77428b1e,Junnosuke Suzuki,Japan,DF,0.5,,,
c25a7a2a,Yuito Suzuki,Japan,"FW,MF",0.1,,,
51e1f4f5,Zion Suzuki,Japan,GK,4.0,,,
92d83c27,Mattias Svanberg,Sweden,MF,0.2,,,
124c9382,Daniel Svensson,Sweden,DF,1.1,,,
e92cd3f7,Alexander Sørloth,Norway,FW,3.7,,,
f15f8b2b,Musa Al-Taamari,Jordan,FW,2.4,,,
723b19c7,Haris Tabaković,Bosnia–Herz,FW,0.2,,,
32257cce,Lee Tae-seok,Korea Republic,MF,1.3,,,
f0661424,Nicolás Tagliafico,Argentina,DF,5.3,,,
bd142efb,Jonathan Tah,Germany,DF,4.1,,,
eb3022c3,Benjamin Tahirovic,Bosnia–Herz,MF,2.6,,,
f3380f7e,Zaid Tahseen,Iraq,DF,1.7,,,
47ce793b,Chemsdine Talbi,Morocco,MF,2.0,,,
a4a44eb0,Montassar Talbi,Tunisia,DF,3.0,,,
6d78c320,Hassan Al Tambakti,Saudi Arabia,DF,2.4,,,
1d36d6b6,Ao Tanaka,Japan,MF,2.1,,,
828a9c47,Shogo Taniguchi,Japan,DF,2.6,,,
4c2a5d34,Mehdi Taremi,IR Iran,FW,2.9,,,
4f255115,Aurélien Tchouaméni,France,MF,4.0,,,
df8d6029,Arthur Theate,Belgium,DF,2.5,,,
dc45ac24,Igor Thiago,Brazil,FW,0.7,,,
ff5ea0bf,Malick Thiaw,Germany,"DF,MF",0.5,,,
95efdac2,Ryan Thomas,New Zealand,MF,0.9,,,
fb152f96,Brandon Thomas-Asante,Ghana,"FW,MF",0.6,,,
d1b49282,Morten Thorsby,Norway,MF,0.5,,,
76ff8d0d,Kristian Thorstvedt,Norway,MF,0.7,,,
6f8cd6d0,Marcus Thuram,France,"FW,MF",0.0,,,
56f7a928,Youri Tielemans,Belgium,MF,5.3,,,
fce2302c,Kieran Tierney,Scotland,MF,1.2,,,
6e44569a,Guus Til,Netherlands,"FW,MF",0.4,,,
a5420709,Malik Tillman,USA,MF,4.0,,,
803e7aca,Quinten Timber,Netherlands,MF,0.6,,,
b3af9be1,Takehiro Tomiyasu,Japan,DF,2.0,,,
e09f279b,Ivan Toney,England,FW,0.9,,,
74567feb,Mehdi Torabi,IR Iran,MF,0.3,,,
c0a8860f,Félix Torres Caicedo,Ecuador,DF,0.1,,,
9e1035f8,Ferran Torres,Spain,FW,3.2,,,
584fee1f,Sebastian Tounekti,Tunisia,FW,0.9,,,
93945a50,Bazoumana Touré,Côte d'Ivoire,MF,0.9,,,
8ac64b4e,Mo Touré,Australia,FW,1.8,,,
1ab3d134,Kai Trewin,Australia,"DF,MF",0.8,,,
3ae14ed1,Trézéguet,Egypt,MF,1.8,,,
77e39b04,Francisco Trincão,Portugal,"FW,MF",0.3,,,
38ceb24a,Leandro Trossard,Belgium,"MF,FW",5.6,,,
cddf767b,Auston Trusty,USA,DF,1.1,,,
2baec6ce,Axel Tuanzebe,Congo DR,DF,4.0,,,
4a51ba65,Matt Turner,USA,GK,1.0,,,
c0295327,Ayase Ueda,Japan,FW,3.6,,,
c9817014,Manuel Ugarte,Uruguay,MF,2.0,,,
dd549382,Deniz Undav,Germany,FW,1.7,,,
d248cd8f,Dayot Upamecano,France,DF,7.3,,,
71210bed,Jakhongir Urozov,Uzbekistan,DF,1.1,,,
56521adf,Oston Urunov,Uzbekistan,MF,0.7,,,
1d0b134a,Can Uzun,Türkiye,MF,0.4,,,
fb485406,Enner Valencia,Ecuador,FW,3.2,,,
531a4aa8,Yan Valery,Tunisia,DF,2.8,,,
0959c2a2,Federico Valverde,Uruguay,MF,2.6,,,
e06683ca,Virgil van Dijk,Netherlands,DF,4.3,,,
392a7aea,Hans Vanaken,Belgium,MF,3.5,,,
5c961282,Guillermo Varela,Uruguay,DF,3.0,,,
91c99fec,Hélio Varela,Cabo Verde,FW,1.2,,,
004e3d0f,Camilo Vargas,Colombia,GK,5.3,,,
9cc1fde4,Obed Vargas,Mexico,MF,0.7,,,
6ecbddf6,Ruben Vargas,Switzerland,MF,3.2,,,
f038585f,Nikola Vasilj,Bosnia–Herz,GK,4.0,,,
5eaed77a,Johan Vásquez,Mexico,DF,4.0,,,
f40f4c38,Alexis Vega,Mexico,"FW,MF",0.1,,,
fc8fcbd1,Renato Veiga,Portugal,DF,5.0,,,
b99b4cf5,Gustavo Velásquez,Paraguay,DF,2.7,,,
40cb6b33,Nishan Velupillay,Australia,MF,0.8,,,
8fe2a392,Micky van de Ven,Netherlands,"DF,MF",2.9,,,
cf134113,Bart Verbruggen,Netherlands,GK,4.3,,,
08eb3b58,Matías Viña,Uruguay,DF,0.5,,,
d30c7094,Federico Viñas,Uruguay,FW,2.1,,,
d5aac0e9,Denis Višinský,Czechia,FW,0.6,,,
9c146b36,Pedro Vite,Ecuador,MF,4.0,,,
3b029691,Vitinha,Portugal,MF,4.2,,,
aa8e289e,Nikola Vlašić,Croatia,MF,2.1,,,
72f87f25,Cristian Volpato,Australia,MF,1.8,,,
dc04ac24,Vozinha,Cabo Verde,GK,4.3,,,
90a63dda,Francis de Vries,New Zealand,DF,0.2,,,
fd6bdbce,Luka Vušković,Croatia,DF,0.7,,,
0d7b6576,Elye Wahi,Côte d'Ivoire,FW,1.2,,,
9e525177,Aaron Wan-Bissaka,Congo DR,DF,3.9,,,
cb64672e,Paul Wanner,Austria,MF,2.6,,,
d5f5955a,Tsuyoshi Watanabe,Japan,DF,1.0,,,
ddd5637f,Cecilio Waterman,Panama,FW,0.8,,,
aed3a70f,Ollie Watkins,England,"FW,MF",0.6,,,
8eec784d,Timothy Weah,USA,MF,0.8,,,
c4e87b8b,Wout Weghorst,Netherlands,FW,0.6,,,
ac5120d8,Jacob Widell Zetterström,Sweden,GK,2.0,,,
f68b64fc,Silvan Widmer,Switzerland,DF,1.9,,,
6a99e0b1,Iñaki Williams,Ghana,"MF,FW",1.4,,,
afdc14d7,Nico Williams,Spain,MF,1.3,,,
a66cc153,Ronwen Williams,South Africa,GK,4.0,,,
cb11b429,Patrick Wimmer,Austria,"FW,MF",0.2,,,
e7fcf289,Florian Wirtz,Germany,MF,4.0,,,
2500cef9,Yoane Wissa,Congo DR,FW,4.0,,,
5dfc6ad5,Axel Witsel,Belgium,"DF,MF",0.4,,,
7ca196eb,Nick Woltemade,Germany,"FW,MF",0.4,,,
4e9a0555,Chris Wood,New Zealand,FW,3.0,,,
91cd37b7,Haji Wright,USA,"FW,MF",0.0,,,
e61b8aee,Granit Xhaka,Switzerland,MF,6.7,,,
18d3b8df,Kevin Yakob,Iraq,MF,0.3,,,
82ec26c1,Lamine Yamal,Spain,"MF,FW",6.8,,,
6246aa55,Yannick,Cabo Verde,MF,0.4,,,
f5ccae19,Gessime Yassine,Morocco,MF,0.9,,,
8dfdc6c3,John Yeboah,Ecuador,MF,3.5,,,
1c215c70,Tete Yengi,Australia,FW,0.3,,,
d8cda243,Kenan Yıldız,Türkiye,MF,2.4,,,
d40ce7b0,Caleb Yirenkyi,Ghana,MF,2.9,,,
8e577e1d,Seol Young-woo,Korea Republic,MF,2.8,,,
b798826e,Manaf Younis,Iraq,DF,0.8,,,
fd069512,Aria Yousefi,IR Iran,MF,0.5,,,
943fd50a,Ali Yousif,Iraq,FW,0.4,,,
6c5af908,İsmail Yüksek,Türkiye,MF,1.5,,,
31caffaf,Utkir Yusupov,Uzbekistan,GK,1.0,,,
6b9960cf,Warren Zaïre-Emery,France,MF,1.2,,,
384d58d9,Denis Zakaria,Switzerland,DF,4.0,,,
bc647827,Jaroslav Zelený,Czechia,MF,1.4,,,
d717b80e,Alejandro Zendejas,USA,"FW,MF",0.2,,,
6be253bf,Besfort Zeneli,Sweden,MF,0.7,,,
c762b1a6,Ramiz Zerrouki,Algeria,MF,1.2,,,
c818c4d9,Luca Zidane,Algeria,GK,3.0,,,
68ff8437,Mostafa Ziko,Egypt,"FW,MF",4.1,,,
acf7e795,David Zima,Czechia,DF,0.1,,,
c6415ba9,Zizo,Egypt,MF,0.6,,,
3ee0dd59,Martín Zubimendi,Spain,MF,0.2,,,
c6f21aa8,Themba Zwane,South Africa,"FW,MF",0.3,,,
79300479,Martin Ødegaard,Norway,MF,5.2,,,
b35a7399,Leo Østigård,Norway,DF,1.6,,,
